CO2_BuildingA_Floor3_Room305,ppm,0
CO2_BuildingA_Floor3_Room305,ppm,0
CO2_BuildingA_Floor3_Room305,ppm,0
CO2_BuildingA_Floor3_Room305,ppm,0
CO2_BuildingA_Floor3_Room305,ppm,0
CO2_BuildingA_Floor3_Room305,ppm,0
CO2_BuildingA_Floor3_Room305,ppm,0
CO2_BuildingA_Floor3_Room305,ppm,0
CO2_BuildingA_Floor3_Room305,ppm,0
CO2_BuildingA_Floor3_Room305,ppm,0
CO2_BuildingA_Floor3_Room305,ppm,0
CO2_BuildingA_Floor3_Room305,ppm,0
CO2_BuildingA_Floor3_Room305,ppm,0
CO2_BuildingA_Floor3_Room305,ppm,0
CO2_BuildingA_Floor3_Room305,ppm,0
CO2_BuildingA_Floor3_Room305,ppm,0
CO2_BuildingA_Floor3_Room305,ppm,0
CO2_BuildingA_Floor3_Room305,ppm,0
CO2_BuildingA_Floor3_Room305,ppm,0
CO2_BuildingA_Floor3_Room305,ppm,0
CO2_BuildingA_Floor3_Room305,ppm,0
CO2_BuildingA_Floor3_Room305,ppm,0
CO2_BuildingA_Floor3_Room305,ppm,0
CO2_BuildingA_Floor3_Room305,ppm,0
CO2_BuildingA_Floor3_Room305,ppm,0
CO2_BuildingA_Floor3_Room305,ppm,0
CO2_BuildingA_Floor3_Room305,ppm,0
CO2_BuildingA_Floor3_Room305,ppm,0
CO2_BuildingA_Floor3_Room305,ppm,0
CO2_BuildingA_Floor3_Room305,ppm,0
CO2_BuildingA_Floor3_Room305,ppm,0
CO2_BuildingA_Floor3_Room305,ppm,0
CO2_BuildingA_Floor3_Room305,ppm,0
CO2_BuildingA_Floor3_Room305,ppm,0
CO2_BuildingA_Floor3_Room305,ppm,0
CO2_BuildingA_Floor3_Room305,ppm,0
CO2_BuildingA_Floor3_Room305,ppm,0
CO2_BuildingA_Floor3_Room305,ppm,0
CO2_BuildingA_Floor3_Room305,ppm,0
CO2_BuildingA_Floor3_Room305,ppm,0
CO2_BuildingA_Floor3_Room305,ppm,0
CO2_BuildingA_Floor3_Room305,ppm,0
CO2_BuildingA_Floor3_Room305,ppm,0
CO2_BuildingA_Floor3_Room305,ppm,0
CO2_BuildingA_Floor3_Room305,ppm,0
CO2_BuildingA_Floor3_Room305,ppm,0
CO2_BuildingA_Floor3_Room305,ppm,0
CO2_BuildingA_Floor3_Room305,ppm,0
CO2_BuildingA_Floor3_Room305,ppm,0
CO2_BuildingA_Floor3_Room305,ppm,0
CO2_BuildingA_Floor3_Room305,ppm,1697.47
CO2_BuildingA_Floor3_Room305,ppm,0
CO2_BuildingA_Floor3_Room305,ppm,0
CO2_BuildingA_Floor3_Room305,ppm,0
CO2_BuildingA_Floor3_Room305,ppm,0
CO2_BuildingA_Floor3_Room305,ppm,0
CO2_BuildingA_Floor3_Room305,ppm,0
CO2_BuildingA_Floor3_Room305,ppm,0
CO2_BuildingA_Floor3_Room305,ppm,0
CO2_BuildingA_Floor3_Room305,ppm,0
CO2_BuildingA_Floor3_Room305,ppm,0
CO2_BuildingA_Floor3_Room305,ppm,0
CO2_BuildingA_Floor3_Room305,ppm,0
CO2_BuildingA_Floor3_Room305,ppm,0
CO2_BuildingA_Floor3_Room305,ppm,0
CO2_BuildingA_Floor3_Room305,ppm,0
CO2_BuildingA_Floor3_Room305,ppm,0
CO2_BuildingA_Floor3_Room305,ppm,0
CO2_BuildingA_Floor3_Room305,ppm,0
CO2_BuildingA_Floor3_Room305,ppm,0
CO2_BuildingA_Floor3_Room305,ppm,0
CO2_BuildingA_Floor3_Room305,ppm,0
CO2_BuildingA_Floor3_Room305,ppm,0
CO2_BuildingA_Floor3_Room305,ppm,0
CO2_BuildingA_Floor3_Room305,ppm,0
CO2_BuildingA_Floor3_Room305,ppm,0
CO2_BuildingA_Floor3_Room305,ppm,1293.49
CO2_BuildingA_Floor3_Room305,ppm,0
CO2_BuildingA_Floor3_Room305,ppm,0
CO2_BuildingA_Floor3_Room305,ppm,0
CO2_BuildingA_Floor3_Room305,ppm,0
CO2_BuildingA_Floor3_Room305,ppm,1374.14
CO2_BuildingA_Floor3_Room305,ppm,0
CO2_BuildingA_Floor3_Room305,ppm,0
CO2_BuildingA_Floor3_Room305,ppm,0
CO2_BuildingA_Floor3_Room305,ppm,0
CO2_BuildingA_Floor3_Room305,ppm,0
CO2_BuildingA_Floor3_Room305,ppm,0
CO2_BuildingA_Floor3_Room305,ppm,0
CO2_BuildingA_Floor3_Room305,ppm,0
CO2_BuildingA_Floor3_Room305,ppm,0
CO2_BuildingA_Floor3_Room305,ppm,0
CO2_BuildingA_Floor3_Room305,ppm,0
CO2_BuildingA_Floor3_Room305,ppm,1953.37
CO2_BuildingA_Floor3_Room305,ppm,0
CO2_BuildingA_Floor3_Room305,ppm,0
CO2_BuildingA_Floor3_Room305,ppm,0
CO2_BuildingA_Floor3_Room305,ppm,0
CO2_BuildingA_Floor3_Room305,ppm,0
CO2_BuildingA_Floor3_Room305,ppm,0
CO2_BuildingA_Floor3_Room305,ppm,0
CO2_BuildingA_Floor3_Room305,ppm,0
CO2_BuildingA_Floor3_Room305,ppm,0
CO2_BuildingA_Floor3_Room305,ppm,0
CO2_BuildingA_Floor3_Room305,ppm,0
CO2_BuildingA_Floor3_Room305,ppm,0
CO2_BuildingA_Floor3_Room305,ppm,0
CO2_BuildingA_Floor3_Room305,ppm,0
CO2_BuildingA_Floor3_Room305,ppm,0
CO2_BuildingA_Floor3_Room305,ppm,0
CO2_BuildingA_Floor3_Room305,ppm,0
CO2_BuildingA_Floor3_Room305,ppm,0
CO2_BuildingA_Floor3_Room305,ppm,0
CO2_BuildingA_Floor3_Room305,ppm,0
CO2_BuildingA_Floor3_Room305,ppm,0
CO2_BuildingA_Floor3_Room305,ppm,0
CO2_BuildingA_Floor3_Room305,ppm,0
CO2_BuildingA_Floor3_Room305,ppm,0
CO2_BuildingA_Floor3_Room305,ppm,0
CO2_BuildingA_Floor3_Room305,ppm,0
CO2_BuildingA_Floor3_Room305,ppm,0
CO2_BuildingA_Floor3_Room305,ppm,0
CO2_BuildingA_Floor3_Room305,ppm,1377.33
CO2_BuildingA_Floor3_Room305,ppm,0
CO2_BuildingA_Floor3_Room305,ppm,0
CO2_BuildingA_Floor3_Room305,ppm,0
CO2_BuildingA_Floor3_Room305,ppm,0
CO2_BuildingA_Floor3_Room305,ppm,0
CO2_BuildingA_Floor3_Room305,ppm,0
CO2_BuildingA_Floor3_Room305,ppm,0
CO2_BuildingA_Floor3_Room305,ppm,0
CO2_BuildingA_Floor3_Room305,ppm,0
CO2_BuildingA_Floor3_Room305,ppm,0
CO2_BuildingA_Floor3_Room305,ppm,0
CO2_BuildingA_Floor3_Room305,ppm,0
CO2_BuildingA_Floor3_Room305,ppm,0
CO2_BuildingA_Floor3_Room305,ppm,0
CO2_BuildingA_Floor3_Room305,ppm,0
CO2_BuildingA_Floor3_Room305,ppm,0
CO2_BuildingA_Floor3_Room305,ppm,0
CO2_BuildingA_Floor3_Room305,ppm,0
CO2_BuildingA_Floor3_Room305,ppm,0
CO2_BuildingA_Floor3_Room305,ppm,0
CO2_BuildingA_Floor3_Room305,ppm,0
CO2_BuildingA_Floor3_Room305,ppm,0
CO2_BuildingA_Floor3_Room305,ppm,0
CO2_BuildingA_Floor3_Room305,ppm,0
CO2_BuildingA_Floor3_Room305,ppm,0
CO2_BuildingA_Floor3_Room305,ppm,0
CO2_BuildingA_Floor3_Room305,ppm,0
CO2_BuildingA_Floor3_Room305,ppm,0
CO2_BuildingA_Floor3_Room305,ppm,0
CO2_BuildingA_Floor3_Room305,ppm,0
CO2_BuildingA_Floor3_Room305,ppm,0
CO2_BuildingA_Floor3_Room305,ppm,0
CO2_BuildingA_Floor3_Room305,ppm,0
CO2_BuildingA_Floor3_Room305,ppm,1751.14
CO2_BuildingA_Floor3_Room305,ppm,0
CO2_BuildingA_Floor3_Room305,ppm,0
CO2_BuildingA_Floor3_Room305,ppm,0
CO2_BuildingA_Floor3_Room305,ppm,0
CO2_BuildingA_Floor3_Room305,ppm,0
CO2_BuildingA_Floor3_Room305,ppm,0
CO2_BuildingA_Floor3_Room305,ppm,1555.03
CO2_BuildingA_Floor3_Room305,ppm,0
CO2_BuildingA_Floor3_Room305,ppm,0
CO2_BuildingA_Floor3_Room305,ppm,0
CO2_BuildingA_Floor3_Room305,ppm,0
CO2_BuildingA_Floor3_Room305,ppm,0
CO2_BuildingA_Floor3_Room305,ppm,0
CO2_BuildingA_Floor3_Room305,ppm,0
CO2_BuildingA_Floor3_Room305,ppm,0
CO2_BuildingA_Floor3_Room305,ppm,0
CO2_BuildingA_Floor3_Room305,ppm,0
CO2_BuildingA_Floor3_Room305,ppm,0
CO2_BuildingA_Floor3_Room305,ppm,0
CO2_BuildingA_Floor3_Room305,ppm,0
CO2_BuildingA_Floor3_Room305,ppm,0
CO2_BuildingA_Floor3_Room305,ppm,0
CO2_BuildingA_Floor3_Room305,ppm,0
CO2_BuildingA_Floor3_Room305,ppm,0
CO2_BuildingA_Floor3_Room305,ppm,1326.49
CO2_BuildingA_Floor3_Room305,ppm,0
CO2_BuildingA_Floor3_Room305,ppm,0
CO2_BuildingA_Floor3_Room305,ppm,0
CO2_BuildingA_Floor3_Room305,ppm,0
CO2_BuildingA_Floor3_Room305,ppm,0
CO2_BuildingA_Floor3_Room305,ppm,0
CO2_BuildingA_Floor3_Room305,ppm,0
CO2_BuildingA_Floor3_Room305,ppm,1287.24
CO2_BuildingA_Floor3_Room305,ppm,0
CO2_BuildingA_Floor3_Room305,ppm,0
CO2_BuildingA_Floor3_Room305,ppm,1992.06
CO2_BuildingA_Floor3_Room305,ppm,0
CO2_BuildingA_Floor3_Room305,ppm,0
CO2_BuildingA_Floor3_Room305,ppm,0
CO2_BuildingA_Floor3_Room305,ppm,0
CO2_BuildingA_Floor3_Room305,ppm,0
CO2_BuildingA_Floor3_Room305,ppm,0
CO2_BuildingA_Floor3_Room305,ppm,0
CO2_BuildingA_Floor3_Room305,ppm,0
CO2_BuildingA_Floor3_Room305,ppm,0
CO2_BuildingA_Floor3_Room305,ppm,1832.74
CO2_BuildingA_Floor3_Room305,ppm,0
CO2_BuildingA_Floor3_Room305,ppm,0
CO2_BuildingA_Floor3_Room305,ppm,0
CO2_BuildingA_Floor3_Room305,ppm,0
CO2_BuildingA_Floor3_Room305,ppm,0
CO2_BuildingA_Floor3_Room305,ppm,0
CO2_BuildingA_Floor3_Room305,ppm,0
CO2_BuildingA_Floor3_Room305,ppm,0
CO2_BuildingA_Floor3_Room305,ppm,0
CO2_BuildingA_Floor3_Room305,ppm,0
CO2_BuildingA_Floor3_Room305,ppm,0
CO2_BuildingA_Floor3_Room305,ppm,0
CO2_BuildingA_Floor3_Room305,ppm,0
CO2_BuildingA_Floor3_Room305,ppm,0
CO2_BuildingA_Floor3_Room305,ppm,0
CO2_BuildingA_Floor3_Room305,ppm,1272.99
CO2_BuildingA_Floor3_Room305,ppm,0
CO2_BuildingA_Floor3_Room305,ppm,0
CO2_BuildingA_Floor3_Room305,ppm,0
CO2_BuildingA_Floor3_Room305,ppm,0
CO2_BuildingA_Floor3_Room305,ppm,0
CO2_BuildingA_Floor3_Room305,ppm,0
CO2_BuildingA_Floor3_Room305,ppm,0
CO2_BuildingA_Floor3_Room305,ppm,0
CO2_BuildingA_Floor3_Room305,ppm,0
CO2_BuildingA_Floor3_Room305,ppm,0
CO2_BuildingA_Floor3_Room305,ppm,1379.59
CO2_BuildingA_Floor3_Room305,ppm,0
CO2_BuildingA_Floor3_Room305,ppm,0
CO2_BuildingA_Floor3_Room305,ppm,0
CO2_BuildingA_Floor3_Room305,ppm,0
CO2_BuildingA_Floor3_Room305,ppm,0
CO2_BuildingA_Floor3_Room305,ppm,0
CO2_BuildingA_Floor3_Room305,ppm,0
CO2_BuildingA_Floor3_Room305,ppm,0
CO2_BuildingA_Floor3_Room305,ppm,0
CO2_BuildingA_Floor3_Room305,ppm,0
CO2_BuildingA_Floor3_Room305,ppm,0
CO2_BuildingA_Floor3_Room305,ppm,0
CO2_BuildingA_Floor3_Room305,ppm,0
CO2_BuildingA_Floor3_Room305,ppm,0
CO2_BuildingA_Floor3_Room305,ppm,0
CO2_BuildingA_Floor3_Room305,ppm,0
CO2_BuildingA_Floor3_Room305,ppm,0
CO2_BuildingA_Floor3_Room305,ppm,0
CO2_BuildingA_Floor3_Room305,ppm,0
CO2_BuildingA_Floor3_Room305,ppm,0
CO2_BuildingA_Floor3_Room305,ppm,0
CO2_BuildingA_Floor3_Room305,ppm,0
CO2_BuildingA_Floor3_Room305,ppm,0
CO2_BuildingA_Floor3_Room305,ppm,0
CO2_BuildingA_Floor3_Room305,ppm,0
CO2_BuildingA_Floor3_Room305,ppm,0
CO2_BuildingA_Floor3_Room305,ppm,0
CO2_BuildingA_Floor3_Room305,ppm,0
CO2_BuildingA_Floor3_Room305,ppm,0
CO2_BuildingA_Floor3_Room305,ppm,0
CO2_BuildingA_Floor3_Room305,ppm,1921.51
CO2_BuildingA_Floor3_Room305,ppm,0
CO2_BuildingA_Floor3_Room305,ppm,0
CO2_BuildingA_Floor3_Room305,ppm,0
CO2_BuildingA_Floor3_Room305,ppm,0
CO2_BuildingA_Floor3_Room305,ppm,0
CO2_BuildingA_Floor3_Room305,ppm,0
CO2_BuildingA_Floor3_Room305,ppm,0
CO2_BuildingA_Floor3_Room305,ppm,0
CO2_BuildingA_Floor3_Room305,ppm,0
CO2_BuildingA_Floor3_Room305,ppm,0
CO2_BuildingA_Floor3_Room305,ppm,0
CO2_BuildingA_Floor3_Room305,ppm,0
CO2_BuildingA_Floor3_Room305,ppm,0
CO2_BuildingA_Floor3_Room305,ppm,0
CO2_BuildingA_Floor3_Room305,ppm,0
CO2_BuildingA_Floor3_Room305,ppm,0
CO2_BuildingA_Floor3_Room305,ppm,0
CO2_BuildingA_Floor3_Room305,ppm,0
CO2_BuildingA_Floor3_Room305,ppm,0
CO2_BuildingA_Floor3_Room305,ppm,2029.15
CO2_BuildingA_Floor3_Room305,ppm,0
CO2_BuildingA_Floor3_Room305,ppm,0
CO2_BuildingA_Floor3_Room305,ppm,0
CO2_BuildingA_Floor3_Room305,ppm,0
CO2_BuildingA_Floor3_Room305,ppm,0
CO2_BuildingA_Floor3_Room305,ppm,0
CO2_BuildingA_Floor3_Room305,ppm,0
CO2_BuildingA_Floor3_Room305,ppm,0
CO2_BuildingA_Floor3_Room305,ppm,0
CO2_BuildingA_Floor3_Room305,ppm,0
CO2_BuildingA_Floor3_Room305,ppm,0
CO2_BuildingA_Floor3_Room305,ppm,0
CO2_BuildingA_Floor3_Room305,ppm,0
CO2_BuildingA_Floor3_Room305,ppm,0
CO2_BuildingA_Floor3_Room305,ppm,0
CO2_BuildingA_Floor3_Room305,ppm,0
CO2_BuildingA_Floor3_Room305,ppm,0
CO2_BuildingA_Floor3_Room305,ppm,0
CO2_BuildingA_Floor3_Room305,ppm,0
CO2_BuildingA_Floor3_Room305,ppm,0
CO2_BuildingA_Floor3_Room305,ppm,0
CO2_BuildingA_Floor3_Room305,ppm,0
CO2_BuildingA_Floor3_Room305,ppm,0
CO2_BuildingA_Floor3_Room305,ppm,0
CO2_BuildingA_Floor3_Room305,ppm,0
CO2_BuildingA_Floor3_Room305,ppm,0
CO2_BuildingA_Floor3_Room305,ppm,0
CO2_BuildingA_Floor3_Room305,ppm,0
CO2_BuildingA_Floor3_Room305,ppm,0
CO2_BuildingA_Floor3_Room305,ppm,0
CO2_BuildingA_Floor3_Room305,ppm,0
CO2_BuildingA_Floor3_Room305,ppm,0
CO2_BuildingA_Floor3_Room305,ppm,0
CO2_BuildingA_Floor3_Room305,ppm,0
CO2_BuildingA_Floor3_Room305,ppm,0
CO2_BuildingA_Floor3_Room305,ppm,0
CO2_BuildingA_Floor3_Room305,ppm,0
CO2_BuildingA_Floor3_Room305,ppm,0
CO2_BuildingA_Floor3_Room305,ppm,0
CO2_BuildingA_Floor3_Room305,ppm,0
CO2_BuildingA_Floor3_Room305,ppm,0
CO2_BuildingA_Floor3_Room305,ppm,0
CO2_BuildingA_Floor3_Room305,ppm,0
CO2_BuildingA_Floor3_Room305,ppm,0
CO2_BuildingA_Floor3_Room305,ppm,1293.72
CO2_BuildingA_Floor3_Room305,ppm,0
CO2_BuildingA_Floor3_Room305,ppm,0
CO2_BuildingA_Floor3_Room305,ppm,0
CO2_BuildingA_Floor3_Room305,ppm,0
CO2_BuildingA_Floor3_Room305,ppm,0
CO2_BuildingA_Floor3_Room305,ppm,0
CO2_BuildingA_Floor3_Room305,ppm,0
CO2_BuildingA_Floor3_Room305,ppm,0
CO2_BuildingA_Floor3_Room305,ppm,0
CO2_BuildingA_Floor3_Room305,ppm,0
CO2_BuildingA_Floor3_Room305,ppm,0
CO2_BuildingA_Floor3_Room305,ppm,0
CO2_BuildingA_Floor3_Room305,ppm,0
CO2_BuildingA_Floor3_Room305,ppm,0
CO2_BuildingA_Floor3_Room305,ppm,0
CO2_BuildingA_Floor3_Room305,ppm,1246.48
CO2_BuildingA_Floor3_Room305,ppm,0
CO2_BuildingA_Floor3_Room305,ppm,0
CO2_BuildingA_Floor3_Room305,ppm,0
CO2_BuildingA_Floor3_Room305,ppm,0
CO2_BuildingA_Floor3_Room305,ppm,0
CO2_BuildingA_Floor3_Room305,ppm,0
CO2_BuildingA_Floor3_Room305,ppm,0
CO2_BuildingA_Floor3_Room305,ppm,0
CO2_BuildingA_Floor3_Room305,ppm,0
CO2_BuildingA_Floor3_Room305,ppm,0
CO2_BuildingA_Floor3_Room305,ppm,0
CO2_BuildingA_Floor3_Room305,ppm,0
CO2_BuildingA_Floor3_Room305,ppm,0
CO2_BuildingA_Floor3_Room305,ppm,0
CO2_BuildingA_Floor3_Room305,ppm,0
CO2_BuildingA_Floor3_Room305,ppm,0
CO2_BuildingA_Floor3_Room305,ppm,0
CO2_BuildingA_Floor3_Room305,ppm,0
CO2_BuildingA_Floor3_Room305,ppm,0
CO2_BuildingA_Floor3_Room305,ppm,0
CO2_BuildingA_Floor3_Room305,ppm,0
CO2_BuildingA_Floor3_Room305,ppm,0
CO2_BuildingA_Floor3_Room305,ppm,0
CO2_BuildingA_Floor3_Room305,ppm,0
CO2_BuildingA_Floor3_Room305,ppm,0
CO2_BuildingA_Floor3_Room305,ppm,0
CO2_BuildingA_Floor3_Room305,ppm,0
CO2_BuildingA_Floor3_Room305,ppm,0
CO2_BuildingA_Floor3_Room305,ppm,0
CO2_BuildingA_Floor3_Room305,ppm,0
CO2_BuildingA_Floor3_Room305,ppm,0
CO2_BuildingA_Floor3_Room305,ppm,0
CO2_BuildingA_Floor3_Room305,ppm,0
CO2_BuildingA_Floor3_Room305,ppm,1329.39
CO2_BuildingA_Floor3_Room305,ppm,0
CO2_BuildingA_Floor3_Room305,ppm,0
CO2_BuildingA_Floor3_Room305,ppm,0
CO2_BuildingA_Floor3_Room305,ppm,0
CO2_BuildingA_Floor3_Room305,ppm,0
CO2_BuildingA_Floor3_Room305,ppm,0
CO2_BuildingA_Floor3_Room305,ppm,0
CO2_BuildingA_Floor3_Room305,ppm,0
CO2_BuildingA_Floor3_Room305,ppm,0
CO2_BuildingA_Floor3_Room305,ppm,1530.26
CO2_BuildingA_Floor3_Room305,ppm,0
CO2_BuildingA_Floor3_Room305,ppm,0
CO2_BuildingA_Floor3_Room305,ppm,0
CO2_BuildingA_Floor3_Room305,ppm,0
CO2_BuildingA_Floor3_Room305,ppm,0
CO2_BuildingA_Floor3_Room305,ppm,1745.46
CO2_BuildingA_Floor3_Room305,ppm,0
CO2_BuildingA_Floor3_Room305,ppm,0
CO2_BuildingA_Floor3_Room305,ppm,0
CO2_BuildingA_Floor3_Room305,ppm,0
CO2_BuildingA_Floor3_Room305,ppm,0
CO2_BuildingA_Floor3_Room305,ppm,0
CO2_BuildingA_Floor3_Room305,ppm,0
CO2_BuildingA_Floor3_Room305,ppm,0
CO2_BuildingA_Floor3_Room305,ppm,0
CO2_BuildingA_Floor3_Room305,ppm,0
CO2_BuildingA_Floor3_Room305,ppm,1664.75
CO2_BuildingA_Floor3_Room305,ppm,0
CO2_BuildingA_Floor3_Room305,ppm,0
CO2_BuildingA_Floor3_Room305,ppm,0
CO2_BuildingA_Floor3_Room305,ppm,0
CO2_BuildingA_Floor3_Room305,ppm,0
CO2_BuildingA_Floor3_Room305,ppm,0
CO2_BuildingA_Floor3_Room305,ppm,0
CO2_BuildingA_Floor3_Room305,ppm,1864.93
CO2_BuildingA_Floor3_Room305,ppm,0
CO2_BuildingA_Floor3_Room305,ppm,0
CO2_BuildingA_Floor3_Room305,ppm,1587.63
CO2_BuildingA_Floor3_Room305,ppm,0
CO2_BuildingA_Floor3_Room305,ppm,0
CO2_BuildingA_Floor3_Room305,ppm,0
CO2_BuildingA_Floor3_Room305,ppm,0
CO2_BuildingA_Floor3_Room305,ppm,0
CO2_BuildingA_Floor3_Room305,ppm,0
CO2_BuildingA_Floor3_Room305,ppm,0
CO2_BuildingA_Floor3_Room305,ppm,0
CO2_BuildingA_Floor3_Room305,ppm,0
CO2_BuildingA_Floor3_Room305,ppm,0
CO2_BuildingA_Floor3_Room305,ppm,0
CO2_BuildingA_Floor3_Room305,ppm,0
CO2_BuildingA_Floor3_Room305,ppm,0
CO2_BuildingA_Floor3_Room305,ppm,0
CO2_BuildingA_Floor3_Room305,ppm,0
CO2_BuildingA_Floor3_Room305,ppm,0
CO2_BuildingA_Floor3_Room305,ppm,0
CO2_BuildingA_Floor3_Room305,ppm,0
CO2_BuildingA_Floor3_Room305,ppm,0
CO2_BuildingA_Floor3_Room305,ppm,0
CO2_BuildingA_Floor3_Room305,ppm,0
CO2_BuildingA_Floor3_Room305,ppm,0
CO2_BuildingA_Floor3_Room305,ppm,0
CO2_BuildingA_Floor3_Room305,ppm,0
CO2_BuildingA_Floor3_Room305,ppm,0
CO2_BuildingA_Floor3_Room305,ppm,0
CO2_BuildingA_Floor3_Room305,ppm,0
CO2_BuildingA_Floor3_Room305,ppm,0
CO2_BuildingA_Floor3_Room305,ppm,0
CO2_BuildingA_Floor3_Room305,ppm,0
CO2_BuildingA_Floor3_Room305,ppm,0
CO2_BuildingA_Floor3_Room305,ppm,0
CO2_BuildingA_Floor3_Room305,ppm,0
CO2_BuildingA_Floor3_Room305,ppm,0
CO2_BuildingA_Floor3_Room305,ppm,0
CO2_BuildingA_Floor3_Room305,ppm,0
CO2_BuildingA_Floor3_Room305,ppm,0
CO2_BuildingA_Floor3_Room305,ppm,0
CO2_BuildingA_Floor3_Room305,ppm,0
CO2_BuildingA_Floor3_Room305,ppm,0
CO2_BuildingA_Floor3_Room305,ppm,0
CO2_BuildingA_Floor3_Room305,ppm,0
CO2_BuildingA_Floor3_Room305,ppm,0
CO2_BuildingA_Floor3_Room305,ppm,0
CO2_BuildingA_Floor3_Room305,ppm,0
CO2_BuildingA_Floor3_Room305,ppm,0
CO2_BuildingA_Floor3_Room305,ppm,0
CO2_BuildingA_Floor3_Room305,ppm,0
CO2_BuildingA_Floor3_Room305,ppm,0
CO2_BuildingA_Floor3_Room305,ppm,0
CO2_BuildingA_Floor3_Room305,ppm,0
CO2_BuildingA_Floor3_Room305,ppm,0
CO2_BuildingA_Floor3_Room305,ppm,0
CO2_BuildingA_Floor3_Room305,ppm,0
CO2_BuildingA_Floor3_Room305,ppm,0
CO2_BuildingA_Floor3_Room305,ppm,0
CO2_BuildingA_Floor3_Room305,ppm,0
CO2_BuildingA_Floor3_Room305,ppm,0
CO2_BuildingA_Floor3_Room305,ppm,0
CO2_BuildingA_Floor3_Room305,ppm,0
CO2_BuildingA_Floor3_Room305,ppm,1853.26
CO2_BuildingA_Floor3_Room305,ppm,0
CO2_BuildingA_Floor3_Room305,ppm,0
CO2_BuildingA_Floor3_Room305,ppm,0
CO2_BuildingA_Floor3_Room305,ppm,0
CO2_BuildingA_Floor3_Room305,ppm,0
CO2_BuildingA_Floor3_Room305,ppm,0
CO2_BuildingA_Floor3_Room305,ppm,0
CO2_BuildingA_Floor3_Room305,ppm,0
CO2_BuildingA_Floor3_Room305,ppm,0
CO2_BuildingA_Floor3_Room305,ppm,0
CO2_BuildingA_Floor3_Room305,ppm,0
CO2_BuildingA_Floor3_Room305,ppm,0
CO2_BuildingA_Floor3_Room305,ppm,0
CO2_BuildingA_Floor3_Room305,ppm,0
CO2_BuildingA_Floor3_Room305,ppm,0
CO2_BuildingA_Floor3_Room305,ppm,0
CO2_BuildingA_Floor3_Room305,ppm,0
CO2_BuildingA_Floor3_Room305,ppm,0
CO2_BuildingA_Floor3_Room305,ppm,2064.96
CO2_BuildingA_Floor3_Room305,ppm,0
CO2_BuildingA_Floor3_Room305,ppm,0
CO2_BuildingA_Floor3_Room305,ppm,0
CO2_BuildingA_Floor3_Room305,ppm,0
CO2_BuildingA_Floor3_Room305,ppm,0
CO2_BuildingA_Floor3_Room305,ppm,0
